City_ID,City,Country,Lat,Lng,Max Temp,Humidity,Cloudiness,Wind Speed,Current Description
0,Youghal,IE,51.95,-7.8506,41.0,87,20,6.91,few clouds
1,Lavrentiya,RU,65.5833,-171.0,6.12,89,100,10.4,overcast clouds
2,Busselton,AU,-33.65,115.3333,64.99,89,100,5.01,light rain
3,Quthing,LS,-30.4,27.7003,53.37,51,3,2.06,clear sky
4,Qaanaaq,GL,77.484,-69.3632,-20.63,77,35,7.47,scattered clouds
5,Vila Velha,BR,-20.3297,-40.2925,75.2,88,75,4.61,broken clouds
6,Bilibino,RU,68.0546,166.4372,1.08,75,26,0.49,scattered clouds
7,Hilo,US,19.7297,-155.09,73.0,83,90,11.5,moderate rain
8,Cape Town,ZA,-33.9258,18.4232,66.0,94,75,6.91,broken clouds
9,Port Alfred,ZA,-33.5906,26.891,60.98,82,1,10.98,clear sky
10,Tual,ID,-5.6667,132.75,83.62,69,19,3.69,few clouds
11,Puerto Ayora,EC,-0.7393,-90.3518,77.0,94,48,5.99,scattered clouds
12,Lagoa,PT,39.05,-27.9833,60.03,88,79,30.53,broken clouds
13,Skjervoy,NO,70.0311,20.9714,32.67,87,100,27.74,light snow
14,Lienz,AT,46.8289,12.769,25.0,72,25,6.13,scattered clouds
15,Katherine,AU,-14.4667,132.2667,82.4,61,100,12.66,overcast clouds
16,Albany,US,42.6001,-73.9662,41.0,36,40,8.05,scattered clouds
17,Rikitea,PF,-23.1203,-134.9692,77.95,62,3,17.49,clear sky
18,Ushuaia,AR,-54.8,-68.3,39.2,75,40,20.71,scattered clouds
19,College,US,64.8569,-147.8028,28.0,80,90,3.0,mist
20,Wuning,CN,29.2589,120.2311,52.39,88,100,6.55,overcast clouds
21,Vaini,TO,-21.2,-175.2,77.0,78,90,9.22,overcast clouds
22,Salalah,OM,17.0151,54.0924,75.2,73,0,4.61,clear sky
23,Barrow,US,71.2906,-156.7887,-11.2,77,1,5.75,clear sky
24,Coquimbo,CL,-29.9533,-71.3436,59.0,88,90,6.91,overcast clouds
25,Adrar,MR,20.5022,-10.0711,79.23,22,32,8.12,scattered clouds
26,Atuona,PF,-9.8,-139.0333,80.69,73,100,11.01,overcast clouds
27,Mataura,NZ,-46.1927,168.8643,60.01,90,92,14.0,light rain
28,Chapleau,CA,47.8405,-83.4034,46.4,39,1,4.61,clear sky
29,Lompoc,US,34.6391,-120.4579,60.8,55,5,12.66,clear sky
30,Lincoln,US,40.8,-96.667,73.4,20,1,6.91,clear sky
31,Talnakh,RU,69.4865,88.3972,-11.69,80,6,9.82,clear sky
32,Kapaa,US,22.0752,-159.319,78.8,65,75,19.57,light rain
33,Henties Bay,NA,-22.116,14.2845,64.0,85,1,1.01,clear sky
34,Rio Grande,BR,-32.035,-52.0986,70.0,92,0,1.01,clear sky
35,Lake Cowichan,CA,48.825,-124.0546,53.6,66,90,8.05,overcast clouds
36,Alofi,NU,-19.0595,-169.9187,84.2,74,27,10.36,scattered clouds
37,Antofagasta,CL,-23.65,-70.4,64.4,72,90,5.75,overcast clouds
38,Padang,ID,-0.9492,100.3543,78.8,65,90,5.75,overcast clouds
39,Dimitrovgrad,RU,54.2139,49.6184,33.8,100,90,11.18,light rain and snow
40,Namibe,AO,-15.1961,12.1522,77.32,83,32,4.54,scattered clouds
41,Yulara,AU,-25.2406,130.9889,78.8,31,0,18.41,clear sky
42,Yellowknife,CA,62.456,-114.3525,10.0,61,75,6.91,broken clouds
43,Atbasar,KZ,51.8,68.3333,31.48,83,100,12.28,overcast clouds
44,Solnechnyy,RU,50.7214,136.6319,31.82,36,1,7.34,clear sky
45,Yeniseysk,RU,58.4497,92.1703,32.79,85,100,6.44,overcast clouds
46,Tura,IN,25.5198,90.2201,74.68,17,0,2.06,clear sky
47,Gasa,PS,31.5,34.4667,54.0,82,0,3.44,clear sky
48,Katsuura,JP,35.1333,140.3,70.0,71,95,5.01,overcast clouds
49,Laguna,US,38.421,-121.4238,66.0,48,1,11.5,clear sky
50,Vestmanna,FO,62.1564,-7.1664,44.6,87,75,27.63,broken clouds
51,Ubrique,ES,36.6778,-5.446,60.8,93,0,2.3,clear sky
52,Sayyan,YE,15.1718,44.3244,55.6,19,6,1.21,clear sky
53,Khandyga,RU,62.6667,135.6,1.54,89,100,0.87,overcast clouds
54,Tasiilaq,GL,65.6145,-37.6368,17.6,53,0,16.11,clear sky
55,Hobart,AU,-42.8794,147.3294,66.2,37,40,17.27,scattered clouds
56,Rocha,UY,-34.4833,-54.3333,59.88,93,0,4.34,clear sky
57,Dikson,RU,73.5069,80.5464,-14.98,83,97,5.64,overcast clouds
58,Bocaiuva,BR,-17.1078,-43.815,68.95,91,100,2.53,light rain
59,Te Anau,NZ,-45.4167,167.7167,55.74,93,100,7.4,light rain
60,Jelenia Gora,PL,50.8997,15.729,35.01,92,92,15.99,overcast clouds
61,Carnarvon,AU,-24.8667,113.6333,80.6,44,0,14.97,clear sky
62,General Roca,AR,-39.0333,-67.5833,68.0,77,0,7.96,clear sky
63,Berlevag,NO,70.8578,29.0864,33.12,90,100,19.08,light snow
64,Aksu,CN,41.1231,80.2644,39.15,63,37,12.5,scattered clouds
65,Zverinogolovskoye,RU,54.4586,64.8542,31.01,88,100,9.71,overcast clouds
66,Ribeira Grande,PT,38.5167,-28.7,61.93,85,100,28.68,overcast clouds
67,Areosa,PT,41.7178,-8.8571,57.99,100,20,6.91,few clouds
68,Mutoko,ZW,-17.397,32.2268,56.93,82,14,3.69,few clouds
69,Miranda,CO,3.2499,-76.2281,77.0,73,40,11.5,scattered clouds
70,Provideniya,RU,64.3833,-173.3,9.84,81,100,8.46,overcast clouds
71,Gazanjyk,TM,39.2446,55.5154,50.32,60,1,5.23,clear sky
72,Chuy,UY,-33.6971,-53.4616,65.14,87,0,7.74,clear sky
73,Quixada,BR,-4.9714,-39.0153,73.15,95,21,4.63,few clouds
74,Teahupoo,PF,-17.8333,-149.2667,86.0,66,40,11.5,light rain
75,Sharanga,RU,57.1775,46.5396,28.04,92,100,5.75,overcast clouds
76,Jamestown,US,42.097,-79.2353,44.6,29,90,4.61,overcast clouds
77,New Norfolk,AU,-42.7826,147.0587,66.0,47,84,5.99,broken clouds
78,Santiago Del Estero,AR,-27.7951,-64.2615,76.39,50,100,7.76,overcast clouds
79,Lasa,IT,46.6166,10.7002,36.0,74,0,8.05,clear sky
80,Khatanga,RU,71.9667,102.5,-15.7,90,10,4.59,clear sky
81,Shelburne,CA,44.0787,-80.2041,37.99,72,87,7.96,overcast clouds
82,Kavieng,PG,-2.5744,150.7967,84.29,69,100,3.22,overcast clouds
83,Mandurah,AU,-32.55,115.7,66.0,77,100,14.99,light rain
84,Vysokogornyy,RU,50.1167,139.15,25.07,64,94,13.8,overcast clouds
85,Lebu,CL,-37.6167,-73.65,52.97,91,6,7.92,clear sky
86,Lamar,US,33.6668,-95.5836,64.4,39,1,8.05,clear sky
87,Georgetown,MY,5.4112,100.3354,80.6,89,20,3.44,few clouds
88,Port Moresby,PG,-9.4431,147.1797,82.4,74,75,5.75,broken clouds
89,Itarema,BR,-2.9248,-39.9167,79.45,82,67,11.7,broken clouds
90,Gariaband,IN,20.635,82.0614,72.48,26,0,2.1,clear sky
91,Iqaluit,CA,63.7506,-68.5145,-0.4,71,90,3.44,overcast clouds
92,Sobolevo,RU,54.4299,31.8996,32.16,90,83,4.79,broken clouds
93,Punta Arenas,CL,-53.15,-70.9167,37.4,81,20,5.75,few clouds
94,Vao,NC,-22.6667,167.4833,75.74,72,93,25.79,overcast clouds
95,Upernavik,GL,72.7868,-56.1549,-22.85,95,19,6.08,few clouds
96,Wilmington,US,34.2257,-77.9447,48.2,49,1,8.05,clear sky
97,Arbuzynka,UA,47.9097,31.3196,42.62,76,100,3.42,overcast clouds
98,Hermanus,ZA,-34.4187,19.2345,63.0,93,0,1.99,clear sky
99,Kaitangata,NZ,-46.2817,169.8464,69.17,53,34,15.95,scattered clouds
100,Pevek,RU,69.7008,170.3133,-9.06,95,99,5.08,overcast clouds
101,Muyezerskiy,RU,63.9333,31.65,26.83,92,96,7.72,overcast clouds
102,Bredasdorp,ZA,-34.5322,20.0403,51.8,87,0,3.65,clear sky
103,Marawi,PH,7.9986,124.2928,77.38,74,99,3.58,overcast clouds
104,Pisco,PE,-13.7,-76.2167,73.4,78,20,4.61,few clouds
105,Thompson,CA,55.7435,-97.8558,42.8,36,20,5.75,few clouds
106,Saint-Philippe,RE,-21.3585,55.7679,77.0,69,0,4.61,light rain
107,Ponta Do Sol,PT,32.6667,-17.1,57.99,67,45,3.0,scattered clouds
108,Luderitz,NA,-26.6481,15.1594,69.06,56,5,15.64,clear sky
109,Umba,RU,66.6871,34.3429,27.73,92,100,8.72,overcast clouds
110,Saint George,US,37.1041,-113.5841,84.99,9,1,10.36,clear sky
111,Havelock,US,34.8791,-76.9013,50.0,57,1,6.91,clear sky
112,Tocopilla,CL,-22.092,-70.1979,67.84,74,100,3.0,overcast clouds
113,Inta,RU,66.0317,60.1659,8.89,97,80,4.29,broken clouds
114,Hasaki,JP,35.7333,140.8333,72.0,52,75,12.66,broken clouds
115,Tarrafal,CV,15.2833,-23.7667,75.2,46,0,19.57,clear sky
116,Svetlaya,RU,46.5389,138.3297,38.43,42,100,5.12,overcast clouds
117,Batagay-Alyta,RU,67.8006,130.4114,-5.46,86,100,8.1,overcast clouds
118,Labuhan,ID,-6.8844,112.2051,82.63,76,100,8.86,overcast clouds
119,Colares,PT,38.7992,-9.4469,55.99,84,10,7.85,clear sky
120,Tiksi,RU,71.6872,128.8694,-11.56,99,100,7.25,overcast clouds
121,Lerwick,GB,60.1545,-1.1494,46.4,81,75,24.16,broken clouds
122,Avarua,CK,-21.2078,-159.775,84.2,74,97,13.8,overcast clouds
123,Amarillo,US,35.222,-101.8313,73.4,31,1,13.8,clear sky
124,Tautira,PF,-17.7333,-149.15,86.0,66,40,11.5,light rain
125,Ilinskiy,RU,55.619,38.1182,33.01,100,11,2.24,mist
126,Bilma,NE,18.6853,12.9164,71.83,13,11,7.31,few clouds
127,Ahipara,NZ,-35.1667,173.1667,69.3,59,0,5.41,clear sky
128,Tuktoyaktuk,CA,69.4541,-133.0374,-7.6,77,20,5.75,few clouds
129,Nome,US,64.5011,-165.4064,23.0,86,90,9.22,mist
130,Nortelandia,BR,-14.4547,-56.8028,77.25,77,69,3.62,broken clouds
131,Pochutla,MX,15.7432,-96.4661,87.8,48,40,11.5,scattered clouds
132,Akyab,MM,20.15,92.9,80.76,74,36,2.75,scattered clouds
133,Ponta Delgada,PT,37.7333,-25.6667,60.8,88,75,16.11,broken clouds
134,Ternate,ID,0.8,127.4,83.48,75,80,7.92,broken clouds
135,Nemyriv,UA,48.9708,28.8378,41.0,79,72,6.22,broken clouds
136,San Andres,CO,12.5847,-81.7006,82.4,74,75,12.66,broken clouds
137,Vardo,NO,70.3705,31.1107,33.42,87,100,20.96,overcast clouds
138,Sinnamary,GF,5.3833,-52.95,77.59,90,99,13.4,moderate rain
139,Waddan,LY,29.1614,16.139,69.19,17,0,7.92,clear sky
140,Karpathos,GR,35.507,27.2132,59.0,88,2,11.5,clear sky
141,Hithadhoo,MV,-0.6,73.0833,83.5,74,10,16.2,clear sky
142,Bluff,NZ,-46.6,168.3333,60.01,90,82,14.0,broken clouds
143,Kruisfontein,ZA,-34.0033,24.7314,59.29,51,0,5.55,clear sky
144,Faanui,PF,-16.4833,-151.75,82.56,70,13,5.14,few clouds
145,Belyy Yar,RU,53.6039,91.3903,26.6,80,12,2.24,few clouds
146,Bethel,US,41.3712,-73.414,44.6,29,1,3.04,clear sky
147,Butaritari,KI,3.0707,172.7902,82.78,77,18,12.97,light rain
148,Denpasar,ID,-8.65,115.2167,84.2,79,40,5.75,scattered clouds
149,Rawah,IQ,34.4816,41.9093,57.58,53,0,6.82,clear sky
150,Oranjemund,NA,-28.55,16.4333,61.02,87,0,7.4,clear sky
151,Victoria,HK,22.2855,114.1577,80.01,83,7,1.01,clear sky
152,Port Blair,IN,11.6667,92.75,80.74,74,56,5.55,broken clouds
153,Kodiak,US,57.79,-152.4072,48.2,49,1,19.57,clear sky
154,Chokurdakh,RU,70.6333,147.9167,-5.71,94,21,5.68,few clouds
155,Wanning,CN,18.8003,110.3967,80.51,75,8,4.9,clear sky
156,Amapa,BR,1.0,-52.0,72.52,97,39,4.23,moderate rain
157,Nikolskoye,RU,59.7035,30.7861,35.01,86,0,4.47,clear sky
158,North Bend,US,43.4065,-124.2243,57.99,76,40,6.91,scattered clouds
159,Mar Del Plata,AR,-38.0023,-57.5575,66.99,88,0,8.05,clear sky
160,Severo-Kurilsk,RU,50.6789,156.125,34.11,96,100,27.25,light snow
161,Touros,BR,-5.1989,-35.4608,75.2,100,75,3.44,broken clouds
162,Salinopolis,BR,-0.6136,-47.3561,77.49,88,100,7.96,overcast clouds
163,Olga,RU,43.7444,135.2892,41.72,27,100,9.82,overcast clouds
164,Masterton,NZ,-40.9597,175.6575,64.0,73,2,5.99,clear sky
165,Pangody,RU,65.85,74.4859,28.4,96,100,7.72,overcast clouds
166,Oistins,BB,13.0667,-59.5333,78.8,61,40,21.85,scattered clouds
167,Altay,CN,47.8667,88.1167,34.59,34,25,8.12,scattered clouds
168,Gamba,GA,-2.65,10.0,74.17,95,100,3.67,moderate rain
169,Novosheshminsk,RU,55.0651,51.2338,33.35,98,100,7.49,light snow
170,Naze,JP,28.3667,129.4833,71.6,94,20,5.75,few clouds
171,Teberda,RU,43.4456,41.7448,31.78,87,34,9.35,scattered clouds
172,Shitanjing,CN,39.2342,106.3439,42.28,43,97,7.92,overcast clouds
173,Pathein,MM,16.7833,94.7333,78.4,72,98,7.9,overcast clouds
174,Tabas,IR,33.5959,56.9244,61.23,20,0,16.15,clear sky
175,Ulaangom,MN,49.9811,92.0667,33.37,39,0,2.59,clear sky
176,Esperance,AU,-33.8667,121.9,66.2,72,90,14.97,overcast clouds
177,Torbay,CA,47.6666,-52.7314,37.99,100,90,13.8,light rain
178,Teya,RU,60.3778,92.6267,29.07,91,96,5.68,overcast clouds
179,Mahebourg,MU,-20.4081,57.7,78.8,89,40,4.61,light rain
180,Yangambi,CD,0.8102,24.4336,69.51,99,100,2.17,light rain
181,Saldanha,ZA,-33.0117,17.9442,64.4,88,0,10.36,clear sky
182,Davila,PH,18.4726,120.5763,80.6,74,20,4.61,few clouds
183,Novopokrovka,UA,49.8425,36.5477,32.0,86,100,2.13,overcast clouds
184,Umm Kaddadah,SD,13.6017,26.6876,72.81,11,100,16.53,overcast clouds
185,Castro,BR,-24.7911,-50.0119,57.2,96,81,4.52,broken clouds
186,Grafton,US,42.207,-71.6856,42.8,21,1,8.05,clear sky
187,Tuy Hoa,VN,13.0833,109.3,80.69,81,85,8.1,overcast clouds
188,Port Elizabeth,ZA,-33.918,25.5701,59.0,88,0,4.61,clear sky
189,Kushmurun,KZ,52.4503,64.6311,36.18,77,100,15.12,overcast clouds
190,General Salgado,BR,-20.6483,-50.3606,68.76,48,54,8.14,broken clouds
191,Sitka,US,57.0531,-135.33,39.2,75,75,3.44,broken clouds
192,Shimoda,JP,34.6667,138.95,69.01,72,75,10.36,broken clouds
193,Davidson,US,36.1501,-86.7833,59.0,26,1,4.99,clear sky
194,Walvis Bay,NA,-22.9575,14.5053,68.0,68,4,4.61,clear sky
195,Okha,RU,53.5739,142.9478,24.42,90,100,31.25,light snow
196,Athabasca,CA,54.7169,-113.2854,46.4,42,100,5.75,overcast clouds
197,Kulhudhuffushi,MV,6.6221,73.07,83.88,61,3,9.13,clear sky
198,Mandalgovi,MN,45.7625,106.2708,36.07,29,0,7.14,clear sky
199,Saskylakh,RU,71.9167,114.0833,-16.6,97,22,1.9,few clouds
200,Cayenne,GF,4.9333,-52.3333,79.0,94,75,10.36,heavy intensity rain
201,Kiunga,PG,-6.1219,141.2906,74.39,95,100,0.92,overcast clouds
202,Clyde River,CA,70.4692,-68.5914,-16.6,76,75,2.3,broken clouds
203,Bengkulu,ID,-3.8004,102.2655,78.91,80,84,17.0,broken clouds
204,Mecca,SA,21.4267,39.8261,69.06,56,0,8.5,clear sky
205,Bouafle,CI,6.9904,-5.7442,78.8,89,8,4.61,clear sky
206,Bathsheba,BB,13.2167,-59.5167,78.8,61,40,21.85,scattered clouds
207,Taoudenni,ML,22.6783,-3.9836,86.65,8,100,8.59,overcast clouds
208,Geraldton,AU,-28.7667,114.6,75.2,53,0,19.57,clear sky
209,Pampierstad,ZA,-27.7832,24.6877,63.16,45,0,4.05,clear sky
210,Fortuna,US,40.5982,-124.1573,55.99,71,1,10.36,clear sky
211,Kjollefjord,NO,70.9457,27.3465,32.22,86,100,18.79,light snow
212,Russell,US,32.3502,-85.1999,62.6,54,1,0.27,clear sky
213,Hambantota,LK,6.1241,81.1185,69.8,100,0,2.3,clear sky
214,Eyl,SO,7.9803,49.8164,78.37,78,90,4.59,overcast clouds
215,Iquique,CL,-20.2208,-70.1431,66.2,77,90,4.61,overcast clouds
216,Mapiri,BO,-15.25,-68.1667,66.85,98,84,0.6,broken clouds
217,San Felix,UY,-32.3333,-58.1333,70.0,74,100,1.99,overcast clouds
218,Khor,RU,47.8861,134.9464,38.26,27,0,16.13,clear sky
219,Nanortalik,GL,60.1432,-45.2371,35.51,98,100,9.55,light rain
220,Trat,TH,12.5,102.5,79.92,84,95,2.98,overcast clouds
221,Nouadhibou,MR,20.931,-17.0347,66.2,77,99,17.27,overcast clouds
222,Dzhebariki-Khaya,RU,62.2167,135.8,3.36,86,98,2.91,overcast clouds
223,Flin Flon,CA,54.7682,-101.865,33.35,82,12,3.38,few clouds
224,Almaznyy,RU,48.0448,40.045,42.8,87,40,11.18,scattered clouds
225,Bubaque,GW,11.2833,-15.8333,75.51,81,74,13.13,broken clouds
226,Taguatinga,BR,-12.3857,-46.5711,75.9,67,49,2.73,scattered clouds
227,East London,ZA,-33.0153,27.9116,61.74,78,5,10.8,clear sky
228,Bandarbeyla,SO,9.4942,50.8122,76.91,79,100,1.86,overcast clouds
229,Sherpur,BD,25.0188,90.0175,74.39,35,0,0.51,clear sky
230,Gladstone,AU,-23.85,151.25,75.2,78,90,16.11,overcast clouds
231,Otofuke,JP,42.9917,143.2003,44.6,93,75,5.75,broken clouds
232,Kropotkin,RU,45.4375,40.5756,47.86,83,96,15.82,overcast clouds
233,Coihaique,CL,-45.5752,-72.0662,50.0,76,100,1.14,overcast clouds
234,Vanimo,PG,-2.6741,141.3028,83.68,72,100,2.1,overcast clouds
235,Sorong,ID,-0.8833,131.25,84.45,71,100,5.91,overcast clouds
236,Dubbo,AU,-32.25,148.6167,75.2,53,100,3.44,overcast clouds
237,Taranagar,IN,28.6709,75.0351,71.17,8,0,9.91,clear sky
238,Listvyanka,RU,51.8535,104.8693,28.4,80,0,2.24,clear sky
239,Young,UY,-32.6833,-57.6333,70.0,74,50,1.99,scattered clouds
240,Kerema,PG,-7.9631,145.7785,77.4,88,100,9.55,overcast clouds
241,Songea,TZ,-10.6833,35.65,61.43,97,99,1.86,overcast clouds
242,Bayanday,RU,53.0661,105.5139,30.76,85,97,5.14,overcast clouds
243,Igualada,ES,41.581,1.6172,53.01,89,85,0.87,overcast clouds
244,Saint-Augustin,CA,51.226,-58.6502,34.56,99,100,6.02,light rain
245,Tarazona,ES,41.9,-1.7333,50.0,66,0,20.71,clear sky
246,Andorra La Vella,AD,42.5045,1.4941,37.0,71,5,7.61,clear sky
247,Sao Filipe,CV,14.8961,-24.4956,72.99,73,100,10.25,overcast clouds
248,Norsup,VU,-16.0667,167.3833,85.12,72,89,9.6,overcast clouds
249,Cidreira,BR,-30.1811,-50.2056,72.52,76,91,16.49,overcast clouds
250,Arraial Do Cabo,BR,-22.9661,-42.0278,76.03,74,11,6.76,few clouds
251,San Patricio,US,28.017,-97.5169,69.8,64,1,13.8,clear sky
252,San Francisco,US,37.7749,-122.4194,57.2,58,75,16.11,broken clouds
253,Daru,PG,-9.0763,143.2092,80.91,75,100,14.85,overcast clouds
254,Longyearbyen,SJ,78.2186,15.6401,21.2,63,75,11.5,light snow
255,Miraflores,MX,19.2167,-98.8083,75.2,12,1,13.8,clear sky
256,Saint Anthony,US,45.0205,-93.218,66.2,17,1,4.61,clear sky
257,Prince Rupert,CA,54.3161,-130.3201,42.8,70,1,4.61,clear sky
258,Malanje,AO,-9.5402,16.341,63.57,97,100,3.15,light rain
259,Labytnangi,RU,66.6572,66.4183,2.68,94,55,4.07,broken clouds
260,Gafanha Da Encarnacao,PT,40.6181,-8.733,55.0,76,5,6.38,clear sky
261,Fereydunshahr,IR,32.941,50.121,30.92,44,0,2.06,clear sky
262,Wewak,PG,-3.5534,143.6268,79.47,84,100,3.53,overcast clouds
263,Puerto Escondido,MX,15.85,-97.0667,84.2,70,1,6.91,clear sky
264,Witu,KE,-2.3889,40.4382,82.4,83,1,6.91,light rain
265,Kungurtug,RU,50.5994,97.5228,22.82,67,50,1.7,scattered clouds
266,Maridi,SS,4.9158,29.4742,68.32,74,98,2.75,overcast clouds
267,Barra Patuca,HN,15.8,-84.2833,75.69,83,28,13.47,scattered clouds
268,Nadym,RU,65.5333,72.5167,29.48,95,100,7.16,overcast clouds
269,Manokwari,ID,-0.8667,134.0833,83.12,71,100,2.75,overcast clouds
270,Mayo,US,38.8876,-76.5119,46.4,53,1,3.44,clear sky
271,Goderich,CA,43.7501,-81.7165,50.0,43,7,5.75,clear sky
272,Kirksville,US,40.1948,-92.5833,69.8,32,1,6.91,clear sky
273,Staryy Nadym,RU,65.6118,72.6842,29.21,96,100,6.93,overcast clouds
274,Saint-Louis,SN,16.3333,-15.0,89.6,27,0,5.03,clear sky
275,Eydhafushi,MV,5.1033,73.0708,82.89,71,11,9.64,few clouds
276,Sur,OM,22.5667,59.5289,84.76,35,6,7.54,clear sky
277,Gushikawa,JP,26.3544,127.8686,71.6,88,90,10.36,overcast clouds
278,Saint-Pierre,RE,-21.3393,55.4781,77.0,69,0,4.61,light rain
279,Swellendam,ZA,-34.0226,20.4417,51.8,87,0,1.23,clear sky
280,Paamiut,GL,61.994,-49.6678,33.12,98,100,4.09,snow
281,Trairi,BR,-3.2778,-39.2689,78.06,86,16,7.96,few clouds
282,Donskoye,RU,45.4552,41.9741,42.8,81,0,15.66,clear sky
283,Tuatapere,NZ,-46.1333,167.6833,60.01,90,100,14.0,light rain
284,Sungairaya,ID,0.7,108.9,81.64,71,81,5.41,broken clouds
285,Cockburn Town,TC,21.4612,-71.1419,76.44,76,37,27.67,scattered clouds
286,Mulege,MX,26.8833,-111.9833,81.52,24,0,3.4,clear sky
287,Tukrah,LY,32.5341,20.5791,69.3,31,64,18.92,broken clouds
288,Maningrida,AU,-12.0667,134.2667,82.58,70,90,10.29,overcast clouds
289,Sibolga,ID,1.7427,98.7792,74.89,86,100,6.67,overcast clouds
290,Tambovka,RU,50.0969,128.0489,41.0,33,20,6.71,few clouds
291,Lorengau,PG,-2.0226,147.2712,84.0,71,98,11.03,moderate rain
292,Usinsk,RU,65.9939,57.5281,21.22,95,100,3.53,overcast clouds
293,Guarda,PT,40.5373,-7.2658,54.0,35,0,8.99,clear sky
294,Sola,VU,-13.8833,167.55,87.8,79,90,6.91,overcast clouds
295,Uvinza,TZ,-5.1036,30.3911,65.12,96,100,2.01,overcast clouds
296,Sao Jose Da Coroa Grande,BR,-8.8978,-35.1478,78.19,86,24,7.11,few clouds
297,Aci Castello,IT,37.5583,15.1346,59.0,100,40,3.44,scattered clouds
298,Isla Vista,US,34.4133,-119.861,71.01,63,1,8.19,clear sky
299,Columbus,US,39.9612,-82.9988,57.2,28,20,12.66,few clouds
300,Reyes,BO,-14.3167,-67.3833,71.74,98,21,2.37,light rain
301,Gizo,SB,-8.103,156.8419,85.66,68,87,2.73,light rain
302,Atar,MR,20.5169,-13.0499,82.11,20,29,7.78,scattered clouds
303,Juneau,US,58.3019,-134.4197,41.0,65,75,4.61,broken clouds
304,Narsaq,GL,60.9167,-46.05,39.2,87,90,2.3,light rain
305,Kozhva,RU,65.1073,57.0459,15.15,98,100,2.89,overcast clouds
306,Finote Selam,ET,10.7,37.2667,64.2,58,17,3.4,few clouds
307,Riyadh,SA,24.6877,46.7219,66.2,19,0,14.97,clear sky
308,Hami,CN,42.8,93.45,52.83,13,100,4.88,overcast clouds
309,Cherskiy,RU,68.75,161.3,-0.04,85,39,5.1,scattered clouds
310,Camacha,PT,33.0833,-16.3333,57.2,72,20,3.44,few clouds
311,Ostrovnoy,RU,68.0531,39.5131,22.8,91,100,15.35,overcast clouds
312,Keti Bandar,PK,24.1447,67.4497,79.54,73,0,6.78,clear sky
313,Los Llanos De Aridane,ES,28.6585,-17.9182,64.4,68,75,5.75,broken clouds
314,Mizan Teferi,ET,6.9833,35.5833,64.96,83,99,2.53,light rain
315,Aguada De Pasajeros,CU,22.385,-80.8508,73.4,56,87,13.8,overcast clouds
316,Vestmannaeyjar,IS,63.4427,-20.2734,36.97,69,31,32.44,scattered clouds
317,Matara,LK,5.9485,80.5353,75.69,87,26,8.32,scattered clouds
318,Yuzhnyy,RU,53.2542,83.6936,28.4,80,0,4.47,clear sky
319,French Harbor,HN,16.35,-86.4333,78.8,83,40,12.66,scattered clouds
320,Bundaberg,AU,-24.85,152.35,71.6,94,90,14.97,light rain
321,Colac,AU,-38.3333,143.5833,69.01,79,0,6.91,clear sky
322,Grande-Synthe,FR,51.0154,2.2998,44.01,54,100,3.0,overcast clouds
323,Nantucket,US,41.2835,-70.0995,34.0,48,0,9.78,clear sky
324,Ilulissat,GL,69.2167,-51.1,3.2,66,2,9.22,clear sky
325,Klaksvik,FO,62.2266,-6.589,44.6,87,75,27.63,broken clouds
326,Norman Wells,CA,65.282,-126.8329,12.2,57,75,6.91,broken clouds
327,Marzuq,YE,14.4,46.4667,67.86,24,88,4.21,overcast clouds
328,Acapulco,MX,16.8634,-99.8901,84.2,74,1,9.22,clear sky
329,Lesozavodsk,RU,45.4794,133.4244,38.35,29,100,11.14,overcast clouds
330,Simpang,ID,-1.2667,104.0833,79.05,88,85,4.23,light rain
331,Waverly,US,42.7392,-84.6208,55.4,44,1,5.75,clear sky
332,Portland,US,45.5234,-122.6762,68.0,32,1,6.91,clear sky
333,Codrington,AU,-38.2667,141.9667,67.05,66,21,10.33,few clouds
334,Namatanai,PG,-3.6667,152.4333,85.73,64,100,0.74,light rain
335,Guider,CM,9.9342,13.9486,82.31,13,100,6.4,overcast clouds
336,Baykit,RU,61.67,96.37,25.74,93,98,2.04,overcast clouds
337,Katobu,ID,-4.9408,122.5276,83.39,73,100,8.84,light rain
338,Vanavara,RU,60.34,102.2797,24.39,93,99,3.49,overcast clouds
339,Acari,PE,-15.4311,-74.6158,75.24,73,100,3.22,overcast clouds
340,Grindavik,IS,63.8424,-22.4338,30.2,80,75,33.38,broken clouds
341,Tselinnoye,RU,53.0833,85.6667,21.22,99,99,3.85,overcast clouds
342,Beloha,MG,-25.1667,45.05,69.08,91,46,3.87,scattered clouds
343,Fukue,JP,32.6881,128.8419,59.0,100,75,6.91,broken clouds
344,Ewa Beach,US,21.3156,-158.0072,82.4,47,20,9.22,few clouds
345,Gejiu,CN,23.306,103.1635,59.05,70,100,2.44,overcast clouds
346,Ilheus,BR,-14.7889,-39.0494,75.9,89,100,5.37,overcast clouds
347,Pemangkat,ID,1.1667,108.9667,79.56,77,91,4.27,overcast clouds
348,Faya,SA,18.3851,42.4509,62.6,82,0,2.95,clear sky
349,Kudahuvadhoo,MV,2.6708,72.8944,82.09,77,20,12.91,few clouds
350,Darhan,MN,49.4867,105.9228,38.44,32,0,3.87,clear sky
351,Vila,PT,42.0304,-8.1588,50.0,87,0,1.99,clear sky
352,Sandwick,GB,60.0,-1.25,46.4,81,90,23.02,overcast clouds
353,Copiapo,CL,-27.3667,-70.3333,59.0,88,90,5.75,overcast clouds
354,Guerrero Negro,MX,27.9769,-114.0611,63.48,72,0,15.48,clear sky
355,Komsomolskiy,UZ,40.4272,71.7189,46.4,53,100,6.91,overcast clouds
356,Avera,US,33.194,-82.5271,50.0,50,1,3.49,clear sky
357,Kedgwick,CA,47.6446,-67.3434,18.0,95,11,2.42,few clouds
358,Santa Maria,BR,-29.6842,-53.8069,69.8,83,0,2.3,clear sky
359,Zanjan,IR,36.6736,48.4787,38.88,65,1,4.03,clear sky
360,Sale,MA,34.0389,-6.8166,57.0,100,40,2.62,scattered clouds
361,Yelan,RU,50.949,43.7378,34.52,91,100,13.15,overcast clouds
362,Markova,UA,48.6758,24.4138,33.85,97,100,3.74,light snow
363,Methoni,GR,36.8197,21.7049,57.99,93,100,2.3,overcast clouds
364,Vila Franca Do Campo,PT,37.7167,-25.4333,60.8,88,75,16.11,broken clouds
365,Seoul,KR,37.5683,126.9778,53.6,66,90,10.36,overcast clouds
366,Dukat,RU,62.55,155.55,1.4,81,99,4.76,overcast clouds
367,Teknaf,BD,20.8624,92.3058,78.03,78,87,3.04,overcast clouds
368,Hervey Bay,AU,-25.2986,152.8535,72.0,96,100,7.0,light rain
369,Saquena,PE,-4.6667,-73.5167,73.74,97,100,2.73,overcast clouds
370,Mehamn,NO,71.0357,27.8492,32.07,84,100,18.39,light snow
371,Yar-Sale,RU,66.8333,70.8333,19.62,99,100,3.78,overcast clouds
372,Arauca,CO,7.0847,-70.7591,80.92,64,100,5.35,overcast clouds
373,Kaeo,NZ,-35.1,173.7833,77.0,61,29,5.99,scattered clouds
374,Nueva Italia,PY,-25.6167,-57.5,78.8,61,49,5.75,scattered clouds
375,Karratha,AU,-20.7377,116.8463,89.69,30,41,8.59,scattered clouds
376,Neepawa,CA,50.2289,-99.4664,55.4,26,75,26.46,broken clouds
377,Fairbanks,US,64.8378,-147.7164,28.99,93,90,4.61,snow
378,Akhtubinsk,RU,48.2795,46.1722,48.2,85,100,15.03,overcast clouds
379,Bida,NG,9.0833,6.0167,81.19,25,100,4.12,overcast clouds
380,Margate,GB,51.3813,1.3862,43.0,71,100,4.0,overcast clouds
381,Konstantinovsk,RU,47.5828,41.0922,43.97,84,100,8.81,overcast clouds
382,Dingle,PH,10.9995,122.6711,84.34,63,13,13.49,few clouds
383,Egvekinot,RU,66.3167,-179.1667,-2.16,72,100,16.96,overcast clouds
384,Champerico,GT,14.3,-91.9167,82.4,78,90,9.22,overcast clouds
385,Kununurra,AU,-15.7667,128.7333,87.8,48,100,8.05,overcast clouds
386,Orlovskiy,RU,46.8714,42.0592,42.85,90,92,14.61,overcast clouds
387,Batie,BF,9.8833,-2.9167,82.92,14,76,3.83,broken clouds
388,Mount Gambier,AU,-37.8333,140.7667,68.0,68,40,6.91,scattered clouds
389,Bay Roberts,CA,47.5999,-53.2648,39.0,92,5,5.01,clear sky
390,Ixtapa,MX,20.7,-105.2,77.0,83,40,6.91,scattered clouds
391,Inhambane,MZ,-23.865,35.3833,73.62,78,80,12.19,broken clouds
392,Balakhta,RU,55.38,91.6,31.33,86,100,4.29,overcast clouds
393,Daitari,IN,21.1,85.75,74.41,85,0,1.19,clear sky
394,Chernyshevskiy,RU,63.0128,112.4714,-3.77,93,100,5.12,overcast clouds
395,Leh,IN,34.1667,77.5833,23.18,39,2,2.53,clear sky
396,Airai,TL,-8.9266,125.4092,61.25,97,100,6.08,moderate rain
397,Khani,GE,41.9563,42.9566,42.8,93,0,6.91,clear sky
398,Keflavik,IS,64.0049,-22.5624,35.6,80,75,33.38,broken clouds
399,Daverdisse,BE,50.0167,5.1167,37.0,82,18,4.0,few clouds
400,Anadyr,RU,64.75,177.4833,3.2,78,40,11.18,light snow
401,Santa Rosa,PH,14.3122,121.1114,87.01,61,20,3.44,few clouds
402,Russellville,US,35.2784,-93.1338,60.8,41,90,3.44,overcast clouds
403,Emirdag,TR,39.0197,31.15,43.66,76,0,7.34,clear sky
404,Leningradskiy,RU,69.3833,178.4167,-3.41,89,100,6.22,overcast clouds
405,Yuanping,CN,38.7153,112.7575,47.68,36,100,2.06,overcast clouds
406,Qasigiannguit,GL,68.8193,-51.1922,3.2,66,5,9.22,clear sky
407,Sanghar,PK,26.0466,68.9481,82.35,17,0,6.26,clear sky
408,Cheney,US,47.4874,-117.5758,59.0,26,1,9.22,clear sky
409,Mogadishu,SO,2.0371,45.3438,81.45,79,19,9.53,few clouds
410,Bambous Virieux,MU,-20.3428,57.7575,79.0,89,40,4.61,light rain
411,Huarmey,PE,-10.0681,-78.1522,71.11,80,22,7.36,few clouds
412,Chumikan,RU,54.7183,135.315,22.95,65,61,19.28,broken clouds
413,Uberlandia,BR,-18.9186,-48.2772,72.43,55,57,2.21,broken clouds
414,Dwarka,IN,22.2394,68.9678,79.11,76,6,8.59,clear sky
415,Zaysan,KZ,47.4667,84.8667,33.57,64,6,1.48,clear sky
416,Dawson Creek,CA,55.7666,-120.2362,46.4,34,40,3.44,scattered clouds
417,Palmer,US,42.1584,-72.3287,35.01,47,20,2.84,few clouds
418,Moirang,IN,24.5,93.7667,68.25,42,100,0.96,overcast clouds
419,Ngunguru,NZ,-35.6167,174.5,77.0,61,0,5.99,clear sky
420,Xuddur,SO,4.1213,43.8894,74.07,83,61,10.4,broken clouds
421,Maltahohe,NA,-24.8333,16.9833,72.39,34,6,1.59,clear sky
422,Emerald,AU,-23.5333,148.1667,77.0,65,40,17.27,scattered clouds
423,Neiafu,TO,-18.65,-173.9833,84.2,74,40,2.3,light rain
424,Port Hawkesbury,CA,45.6169,-61.3485,32.0,93,90,9.22,moderate rain
425,Chlorakas,CY,34.8042,32.4083,50.0,87,0,9.22,clear sky
426,Hofn,IS,64.2539,-15.2082,42.71,62,8,18.9,clear sky
427,Manicore,BR,-5.8092,-61.3003,74.61,96,100,2.06,moderate rain
428,Vilyuysk,RU,63.7553,121.6247,-2.09,92,100,2.89,overcast clouds
429,Tonekabon,IR,36.8163,50.8738,46.4,100,0,2.3,clear sky
430,Dalianwan,CN,39.0286,121.695,48.2,37,0,11.18,clear sky
431,Nokia,FI,61.4667,23.5,35.01,86,90,10.36,overcast clouds
432,Mwense,ZM,-10.3845,28.698,63.91,95,50,2.8,scattered clouds
433,Buraydah,SA,26.326,43.975,60.8,31,0,10.36,clear sky
434,Khash,IR,28.2211,61.2158,66.79,22,2,4.81,clear sky
435,Mount Isa,AU,-20.7333,139.5,80.6,39,0,11.5,clear sky
436,Sampit,ID,-2.5333,112.95,80.67,81,96,1.86,overcast clouds
437,Shelkovskaya,RU,43.5069,46.3392,46.4,87,0,2.24,clear sky
438,Ossora,RU,59.2353,163.0719,14.92,72,100,6.11,overcast clouds
439,Banda Aceh,ID,5.5577,95.3222,81.1,74,96,11.54,overcast clouds
440,North Platte,US,41.1239,-100.7654,80.6,14,1,11.5,clear sky
441,Balkanabat,TM,39.5108,54.3671,49.5,60,7,8.5,clear sky
442,Bonavista,CA,48.6499,-53.1147,39.2,87,16,4.61,few clouds
443,Pailon,BO,-17.65,-62.75,71.6,100,90,4.61,overcast clouds
444,Srandakan,ID,-7.9386,110.2506,80.71,80,100,1.14,overcast clouds
445,Nilanga,IN,18.1,76.7667,79.61,31,8,10.54,clear sky
446,Waipawa,NZ,-41.4122,175.5153,64.4,68,75,32.21,broken clouds
447,Sompeta,IN,18.9333,84.6,78.55,69,19,4.94,few clouds
448,Baculin,PH,7.4525,126.5842,84.33,65,51,8.05,broken clouds
449,Sars,RU,56.5502,57.1366,32.25,98,100,4.68,light snow
450,Verrettes,HT,19.05,-72.4667,75.2,83,19,9.22,few clouds
451,Namchi,IN,27.1667,88.35,62.6,82,20,2.3,mist
452,Derzhavinsk,KZ,51.1,66.3167,34.56,80,100,13.78,overcast clouds
453,Grand Gaube,MU,-20.0064,57.6608,79.0,83,8,4.0,light rain
454,Syamzha,RU,60.0158,41.0614,21.02,98,45,3.49,light snow
455,Ajdabiya,LY,30.7554,20.2263,68.67,24,19,12.55,few clouds
456,Gravdal,NO,68.1214,13.5031,35.01,99,100,13.13,light snow
457,Maragogi,BR,-9.0122,-35.2225,78.08,86,35,6.91,scattered clouds
458,Marsa Matruh,EG,31.3525,27.2453,63.72,38,0,10.96,clear sky
459,Herzogenbuchsee,CH,47.188,7.7062,39.2,60,0,8.05,clear sky
460,Gorontalo,ID,0.5412,123.0595,87.51,64,29,4.56,scattered clouds
461,Nevers,FR,46.9167,3.3333,37.0,69,4,5.08,clear sky
462,Harrismith,ZA,-28.2728,29.1295,48.36,95,17,1.41,few clouds
463,Kisangani,CD,0.5167,25.2,69.37,99,100,2.06,light rain
464,Uvarovo,RU,51.9849,42.2615,33.31,77,100,6.58,overcast clouds
465,Kabare,CD,-2.4683,28.8242,59.92,94,100,0.83,overcast clouds
466,Bontang,ID,0.1333,117.5,81.61,76,83,1.28,moderate rain
467,Golden Gate,US,26.1879,-81.6951,68.0,56,75,13.8,broken clouds
468,Chicago,US,41.85,-87.65,68.0,28,20,16.11,few clouds
469,Nishihara,JP,26.1842,127.7558,73.4,88,90,14.97,mist
470,Constitucion,CL,-35.3333,-72.4167,56.39,75,0,8.16,clear sky
471,Urumqi,CN,43.801,87.6005,41.0,65,0,2.24,clear sky
472,Sao Joao Da Barra,BR,-21.6403,-41.0511,73.71,85,47,8.14,scattered clouds
473,Gannan,CN,47.9147,123.5031,47.05,25,100,13.35,overcast clouds
474,Ondangwa,NA,-17.9167,15.95,68.0,73,2,4.61,clear sky
475,Praia Da Vitoria,PT,38.7333,-27.0667,59.0,94,75,25.1,broken clouds
476,Xiuyan,CN,40.2928,123.2744,48.99,20,0,15.48,clear sky
477,Aykhal,RU,66.0,111.5,-11.18,96,100,6.89,overcast clouds
478,Imbituba,BR,-28.24,-48.6703,68.0,88,0,2.3,clear sky
479,Cabo San Lucas,MX,22.8909,-109.9124,86.0,26,40,6.91,scattered clouds
480,Tagusao,PH,9.1924,117.8141,82.98,71,97,3.53,overcast clouds
481,Okhotsk,RU,59.3833,143.3,28.94,57,100,10.56,overcast clouds
482,Kirakira,SB,-10.4544,161.9205,87.6,66,100,10.38,overcast clouds
483,Sovetskiy,RU,61.3614,63.5842,28.31,97,100,7.2,overcast clouds
484,Vostok,RU,46.4856,135.8833,30.04,41,100,7.74,overcast clouds
485,Dandong,CN,40.1292,124.3947,48.13,25,0,17.4,clear sky
486,Cairns,AU,-16.9167,145.7667,82.4,74,100,8.05,overcast clouds
487,Conceicao Do Castelo,BR,-20.3683,-41.2439,66.99,100,93,2.39,overcast clouds
488,Bereda,ES,43.2686,-7.5406,42.01,98,36,3.0,scattered clouds
489,Viedma,AR,-40.8135,-62.9967,73.18,44,99,12.06,overcast clouds
490,Sakakah,SA,29.9697,40.2064,55.4,24,0,3.44,clear sky
491,Jumla,NP,29.2747,82.1838,38.39,20,0,5.7,clear sky
492,Navolato,MX,24.7672,-107.6944,86.0,32,40,9.22,scattered clouds
493,Bayir,TR,37.2687,28.2167,53.6,87,75,3.44,broken clouds
494,Doha,QA,25.2867,51.5333,73.4,46,0,17.27,clear sky
495,Hovd,MN,48.0056,91.6419,33.64,24,0,0.81,clear sky
496,Valleyview,CA,55.0667,-117.2859,41.14,65,100,4.43,overcast clouds
497,Erdenet,MN,49.0333,104.0833,34.36,29,0,4.43,clear sky
498,Broome,US,42.2506,-75.833,42.8,24,1,1.19,clear sky
499,Nsoko,SZ,-27.0333,31.95,65.88,77,100,3.51,overcast clouds
500,Dalby,AU,-27.1833,151.2667,69.01,84,100,3.0,overcast clouds
501,Curillo,CO,1.0333,-75.9191,73.26,94,100,2.53,overcast clouds
502,Monrovia,LR,6.3005,-10.7969,78.8,94,20,4.27,mist
503,Muncar,ID,-8.4333,114.3333,80.96,80,100,1.32,overcast clouds
504,Lumding,IN,25.7535,93.1732,72.5,47,0,1.68,clear sky
505,Bedford,GB,52.1346,-0.4663,33.01,85,28,3.94,scattered clouds
506,Igarka,RU,67.4667,86.5833,2.73,93,94,10.42,overcast clouds
507,Dakor,IN,22.75,73.15,78.8,78,20,11.5,few clouds
508,Beliator,IN,23.3333,87.2167,73.4,83,0,2.3,mist
509,Kijang,KR,35.2442,129.2139,55.4,76,90,16.11,overcast clouds
510,Omsukchan,RU,62.5333,155.8,1.0,85,100,4.81,overcast clouds
511,Odweyne,SO,9.4092,45.064,70.54,29,36,1.3,scattered clouds
512,Carepa,CO,7.7585,-76.6525,75.72,95,100,2.89,overcast clouds
513,Puerto Leguizamo,CO,-0.1934,-74.7819,73.45,96,100,1.36,overcast clouds
514,Awjilah,LY,29.1081,21.2869,67.19,19,58,12.03,broken clouds
515,Soto,AR,-32.8107,-61.4026,66.99,73,66,1.01,broken clouds
516,Tabuk,PH,17.4189,121.4443,80.74,57,0,3.42,clear sky
517,Lumberton,US,34.6182,-79.0086,50.0,43,1,5.75,clear sky
518,Wukari,NG,7.85,9.7833,82.17,15,100,3.36,overcast clouds
519,Wembley,AU,-31.9333,115.8,70.0,68,0,6.91,clear sky
520,Comodoro Rivadavia,AR,-45.8667,-67.5,66.2,59,0,2.3,clear sky
521,Fort Nelson,CA,58.8053,-122.7002,46.4,25,20,2.3,few clouds
522,Tazovskiy,RU,67.4667,78.7,23.25,96,100,6.55,light snow
523,Coahuayana,MX,18.7333,-103.6833,82.4,36,40,4.12,scattered clouds
524,Homer,US,59.6425,-151.5483,41.0,75,1,9.22,clear sky
525,Karonga,MW,-9.9333,33.9333,71.1,85,100,3.98,overcast clouds
526,Pervomayskoye,RU,43.919,46.7102,47.59,69,95,4.85,overcast clouds
527,Putai,FR,46.6579,1.9863,39.99,87,0,11.5,clear sky
528,Bulungu,CD,-4.55,18.6,70.66,96,100,0.54,overcast clouds
529,Mossendjo,CG,-2.9506,12.7261,68.38,98,99,0.78,overcast clouds
530,Fiche,ET,9.8,38.7333,51.48,51,44,3.2,scattered clouds
531,Ostersund,SE,63.1792,14.6357,39.2,70,75,19.57,broken clouds
532,Sulangan,PH,11.1373,123.7228,81.81,72,46,11.27,scattered clouds
533,Camalu,MX,30.85,-116.0667,67.08,59,5,10.38,clear sky
534,Mana,GF,5.6592,-53.7767,77.14,90,98,11.77,overcast clouds
535,Thunder Bay,CA,48.4001,-89.3168,57.2,19,20,4.61,few clouds
536,Salinas,US,36.6777,-121.6555,59.0,54,1,9.22,clear sky
537,Maldonado,UY,-34.6667,-54.9167,66.2,88,20,9.22,few clouds
538,Yarada,IN,17.65,83.2667,80.51,78,5,2.86,clear sky
539,Tete,MZ,-16.1564,33.5867,67.15,80,75,3.74,broken clouds
540,Grenaa,DK,56.4158,10.8783,33.8,86,7,3.44,clear sky
541,Dickinson,US,29.4608,-95.0513,64.99,55,1,4.61,clear sky
542,Tromso,NO,69.6496,18.957,30.2,93,90,3.44,light snow
543,Bodden Town,KY,19.2833,-81.25,78.8,65,20,17.27,few clouds
544,Huilong,CN,31.8111,121.655,57.99,61,91,18.43,overcast clouds
545,Micomeseng,GQ,2.1462,10.6164,70.47,97,100,2.3,overcast clouds
546,Pueblo,US,38.2545,-104.6091,77.0,10,1,11.5,clear sky
547,Doka,SD,13.5167,35.7667,80.38,27,12,13.49,few clouds
548,Sioux Lookout,CA,50.1001,-91.917,50.0,29,75,4.61,broken clouds
549,Teruel,ES,40.6667,-0.6667,57.2,87,0,8.05,clear sky
550,Dutse,NG,11.7594,9.3392,72.73,15,26,7.18,scattered clouds
551,Souillac,MU,-20.5167,57.5167,78.8,89,40,4.61,scattered clouds
552,Werda,BW,-25.2667,23.2833,72.05,29,0,5.86,clear sky
553,Pangnirtung,CA,66.1451,-65.7125,-3.82,69,100,7.58,overcast clouds
554,Pali,IN,25.7667,73.3333,76.05,13,0,5.53,clear sky
555,Puksoozero,RU,62.5903,40.6066,22.75,98,72,2.77,broken clouds
556,Strezhevoy,RU,60.7333,77.5889,33.8,80,0,11.18,clear sky
557,Kamaishi,JP,39.2667,141.8833,53.6,94,75,1.14,moderate rain
558,Nabire,ID,-3.3667,135.4833,86.68,56,63,3.53,broken clouds
559,Lima,PE,-12.0432,-77.0282,73.99,73,0,4.61,clear sky
560,Lodwar,KE,3.1191,35.5973,78.76,63,98,3.42,moderate rain
561,Buchanan,LR,5.8808,-10.0467,78.8,94,20,4.61,mist
562,Baoma,CN,31.4859,106.1128,54.88,78,99,4.63,overcast clouds
563,Durango,MX,24.8333,-104.8333,75.69,23,100,4.27,overcast clouds
564,Channel-Port Aux Basques,CA,47.5702,-59.1367,35.46,97,100,22.01,moderate rain
565,Sri Aman,MY,1.2376,111.4621,71.6,100,40,1.12,scattered clouds
566,Le Port,RE,-20.9373,55.2919,78.8,73,20,10.36,few clouds
567,Kokopo,PG,-4.352,152.2633,86.09,64,100,5.86,overcast clouds
568,Safaga,EG,26.7292,33.9365,66.88,26,0,14.92,clear sky
569,San Rafael,AR,-34.6177,-68.3301,72.1,48,0,15.1,clear sky
570,Xining,CN,36.6167,101.7667,33.91,83,90,2.17,overcast clouds
571,Kaduna,NG,10.5222,7.4383,71.64,14,58,6.73,broken clouds
572,Barzas,RU,55.7167,86.3167,26.6,74,0,8.95,clear sky
573,Westport,US,41.1415,-73.3579,45.0,57,1,4.54,clear sky
574,Hay River,CA,60.8156,-115.7999,24.8,63,54,8.05,broken clouds
575,Terra Nova,BR,-12.3667,-40.6667,68.29,71,10,4.14,clear sky
576,Oktyabrskoye,RU,43.0645,44.7417,39.2,93,16,8.95,few clouds
577,Harper,LR,4.375,-7.7169,78.85,89,100,6.98,overcast clouds
578,Haines Junction,CA,60.7522,-137.5108,33.8,37,94,8.05,overcast clouds
579,Acala,MX,16.5667,-92.8,73.4,53,20,17.27,few clouds
580,Mocuba,MZ,-16.8392,36.9856,69.13,97,24,2.08,few clouds
581,Hurghada,EG,27.2574,33.8129,63.54,28,0,14.92,clear sky
582,Yashkino,RU,55.8736,85.4265,30.2,74,20,4.47,few clouds
583,Pacific Grove,US,36.6177,-121.9166,59.0,55,20,8.05,few clouds
584,Wilkie,CA,52.4168,-108.7014,51.8,32,1,4.61,clear sky
585,Melipilla,CL,-33.7,-71.2167,73.99,94,90,6.91,overcast clouds
586,Guben,DE,51.9499,14.7145,30.99,91,8,1.01,clear sky
587,Port Lincoln,AU,-34.7333,135.8667,73.09,65,0,8.23,clear sky
588,Boende,CD,-0.2167,20.8667,70.03,99,40,2.57,scattered clouds
589,Olden,NO,61.8364,6.8064,37.99,94,87,1.01,overcast clouds
590,Pozo Colorado,PY,-23.4923,-58.7972,76.53,51,94,6.85,overcast clouds
591,Glendive,US,47.1053,-104.7125,70.0,16,1,10.36,clear sky
592,Alice Springs,AU,-23.7,133.8833,78.8,31,0,11.5,clear sky
593,Nihommatsu,JP,37.5833,140.4333,64.99,68,97,1.99,overcast clouds
594,Ankazoabo,MG,-22.2833,44.5167,67.96,87,2,4.9,clear sky
595,Penzance,GB,50.1186,-5.5371,42.01,87,0,6.91,clear sky
596,Sorland,NO,67.667,12.6934,39.22,95,100,34.31,moderate rain
597,Richards Bay,ZA,-28.783,32.0377,65.48,76,16,5.95,few clouds
598,Ust-Kuyga,RU,70.0167,135.6,-9.08,91,100,5.35,overcast clouds
599,Kedrovyy,RU,56.1667,91.8167,33.8,93,75,4.47,light snow
600,Mahon,ES,39.8885,4.2658,59.0,47,0,16.11,clear sky
601,Port Macquarie,AU,-31.4333,152.9167,75.99,68,100,3.44,overcast clouds
602,Tommot,RU,58.9564,126.2925,17.83,84,99,0.92,overcast clouds
603,Norfolk,US,42.1668,-71.2495,41.0,41,1,3.02,clear sky
604,Alihe,CN,50.5667,123.7167,40.19,47,79,6.62,broken clouds
605,Caravelas,BR,-17.7125,-39.2481,76.75,82,100,5.64,overcast clouds
606,Rampura,IN,30.25,75.2333,64.33,11,5,6.78,clear sky
607,Amga,RU,60.8953,131.9608,8.4,84,100,1.88,overcast clouds
608,Husavik,IS,66.0449,-17.3389,23.0,80,90,18.41,snow
609,Copacabana,CO,6.3463,-75.5089,60.8,94,75,4.61,broken clouds
610,Barsovo,RU,61.1667,73.1667,33.8,75,0,8.95,clear sky
611,Wundanyi,KE,-3.4019,38.364,63.52,87,47,4.88,scattered clouds
612,Udachnyy,RU,66.4167,112.4,-12.42,94,95,5.75,overcast clouds
613,Pecos,US,31.4229,-103.4932,68.0,52,1,19.57,clear sky
614,Frontera Comalapa,MX,15.65,-92.1333,70.2,69,5,3.69,clear sky
615,Isugod,PH,9.3408,118.1196,84.43,66,92,1.88,overcast clouds
616,Tawau,MY,4.2498,117.8871,82.4,89,20,3.58,few clouds
617,Benghazi,LY,32.1167,20.0667,68.14,42,10,16.91,clear sky
618,Lazaro Cardenas,MX,17.9583,-102.2,80.11,57,0,8.46,clear sky
619,Dolores,AR,-36.3132,-57.6792,59.4,92,0,6.89,clear sky
620,Hermosillo,MX,29.0667,-110.9667,93.99,12,0,7.0,clear sky
621,Ulaanbaatar,MN,47.9077,106.8832,28.4,69,0,2.24,clear sky
622,Forbes,AU,-33.3833,148.0167,76.3,42,0,4.43,clear sky
623,Severomorsk,RU,69.0689,33.4162,32.0,74,75,8.95,light rain and snow
624,Kilrush,IE,52.6397,-9.4833,41.0,87,0,1.28,clear sky
625,Knysna,ZA,-34.0363,23.0471,60.8,72,0,3.44,clear sky
626,Valparaiso,CL,-33.0393,-71.6273,57.0,94,90,6.91,mist
627,Ciudad Del Maiz,MX,22.4,-99.6,64.0,53,98,17.0,overcast clouds
628,Priiskovyy,RU,51.9333,116.6333,37.54,52,16,8.59,few clouds
629,Korla,CN,41.7597,86.1469,46.94,28,26,13.11,scattered clouds
630,Massaguet,TD,12.4755,15.4365,80.6,12,100,10.36,overcast clouds
631,Kahului,US,20.8947,-156.47,77.0,69,40,16.11,scattered clouds
632,Lleida,ES,41.6167,0.6167,52.0,71,0,9.22,clear sky
633,Coxim,BR,-18.5067,-54.76,78.06,65,50,2.44,scattered clouds
634,Humaita,BR,-7.5061,-63.0208,74.84,96,100,1.79,light rain
635,Araceli,PH,10.5529,119.9913,82.87,71,10,14.94,clear sky
636,Noumea,NC,-22.2763,166.4572,82.4,69,90,12.66,overcast clouds
637,Mafeteng,LS,-29.823,27.2374,51.85,50,3,2.01,clear sky
638,Rayong,TH,12.8333,101.4333,89.01,73,100,6.49,moderate rain
639,Chapais,CA,49.7834,-74.8492,30.2,40,40,4.61,scattered clouds
640,Pitimbu,BR,-7.4706,-34.8086,75.2,100,0,6.91,clear sky
641,Ramshir,IR,30.8946,49.4092,60.8,51,0,9.22,clear sky
642,Podyuga,RU,61.095,40.8647,25.66,98,91,3.74,overcast clouds
643,Bolitoc,PH,15.7395,119.8769,85.32,56,3,2.51,clear sky
644,Buala,SB,-8.145,159.5921,85.1,71,100,7.54,light rain
645,Poum,NC,-20.2333,164.0167,80.6,82,96,21.05,overcast clouds
646,Malakal,SS,9.5334,31.6605,86.83,15,26,10.6,scattered clouds
647,Evensk,RU,61.95,159.2333,12.15,66,71,11.36,broken clouds
648,Toora-Khem,RU,52.4675,96.11,27.39,83,100,1.57,overcast clouds
649,Staraya Mayna,RU,54.6,48.95,33.8,100,90,11.18,light rain and snow
650,Olafsvik,IS,64.8945,-23.7142,28.4,72,50,26.71,light snow
651,Quatre Cocos,MU,-20.2078,57.7625,79.0,89,40,4.61,light rain
652,Miri,MY,4.4148,114.0089,78.8,83,20,4.61,few clouds
653,Todos Santos,MX,23.45,-110.2167,73.0,83,92,4.72,overcast clouds
654,Honningsvag,NO,70.9821,25.9704,32.25,82,100,22.12,light snow
655,Zhezkazgan,KZ,47.8043,67.7144,35.96,76,100,13.85,overcast clouds
656,Elizabeth City,US,36.2946,-76.2511,44.01,61,1,5.59,clear sky
657,Flinders,AU,-34.5833,150.8552,82.0,59,5,1.99,clear sky
658,Kudat,MY,6.8837,116.8477,84.2,84,20,4.61,few clouds
659,Sangar,RU,63.9242,127.4739,-9.76,95,92,2.51,overcast clouds
660,Bin Qirdan,TN,33.1378,11.2197,63.72,80,19,15.08,few clouds
661,Presque Isle,US,46.6811,-68.0159,30.2,74,1,4.61,clear sky
662,Uirauna,BR,-6.5183,-38.4122,75.9,67,7,5.1,clear sky
663,Bafoulabe,ML,13.8065,-10.8321,88.48,9,6,2.46,clear sky
664,San Cristobal,VE,7.7669,-72.225,80.6,78,75,4.61,broken clouds
665,Srivardhan,IN,18.0333,73.0167,74.12,83,88,4.05,overcast clouds
666,Rawson,AR,-43.3002,-65.1023,69.62,57,72,8.75,broken clouds
667,Bollnas,SE,61.3482,16.3946,39.0,57,19,5.93,few clouds
668,Paravur,IN,8.7833,76.7,80.6,83,20,8.05,mist
669,Novikovo,RU,51.1537,37.8879,34.86,81,26,3.09,scattered clouds
670,Kolokani,ML,13.5728,-8.0339,79.14,7,8,6.69,clear sky
671,Petropavlovsk-Kamchatskiy,RU,53.0452,158.6483,35.6,87,90,24.61,light rain and snow
672,Lodja,CD,-3.4833,23.4333,69.24,97,43,0.96,scattered clouds
673,Maroua,CM,10.591,14.3159,80.6,13,99,7.81,overcast clouds
674,Ancud,CL,-41.8697,-73.8203,50.0,87,0,2.89,clear sky
675,Elban,RU,50.1018,136.5094,35.51,36,0,4.09,clear sky
676,Northam,GB,51.0333,-4.2167,37.99,89,1,1.99,clear sky
677,Lata,PT,40.1629,-8.3327,53.01,92,0,3.4,clear sky
678,West Wendover,US,40.7391,-114.0733,71.6,13,1,3.44,clear sky
679,Raudeberg,NO,61.9875,5.1352,44.01,86,98,27.83,overcast clouds
680,San Jeronimo,PE,-11.9472,-75.2829,51.17,84,100,4.38,moderate rain
